{"width":1024,"imagePath":"Dog_tex.png","height":1024,"name":"Dog","SubTexture":[{"width":168,"y":301,"height":269,"name":"11","x":1},{"width":49,"y":82,"height":112,"name":"собака удар ногой1/央铋_4","x":900},{"width":59,"y":454,"height":41,"name":"собака удар ногой1/央铋_5","x":896},{"width":68,"y":413,"height":39,"name":"собака удар ногой1/央铋_6","x":947},{"width":147,"y":572,"height":90,"name":"собака анимация для DB/央铋_25","x":1},{"width":70,"y":430,"height":51,"name":"собака анимация для DB/央铋_20","x":497},{"width":110,"y":301,"height":120,"name":"собака удар ногой1/央铋_3","x":171},{"width":45,"y":196,"height":30,"name":"собака анимация для DB/央铋_28","x":900},{"width":53,"y":489,"height":27,"name":"собака анимация для DB/央铋_27","x":957},{"width":29,"y":359,"height":53,"name":"собака анимация для DB/央铋_32","x":612},{"width":51,"y":355,"height":56,"name":"собака анимация для DB/央铋_34","x":947},{"width":49,"y":355,"height":70,"name":"собака анимация для DB/央铋_31","x":896},{"width":274,"y":1,"height":218,"name":"собака анимация для DB/署桠_2","x":310},{"width":59,"y":177,"height":59,"name":"собака анимация для DB/央铋_29","x":951},{"width":123,"y":262,"height":91,"name":"собака анимация для DB/央铋_26","x":896},{"width":113,"y":359,"height":69,"name":"живот","x":497},{"width":88,"y":1,"height":79,"name":"собака анимация для DB/央铋_16","x":900},{"width":59,"y":82,"height":93,"name":"собака анимация для DB/央铋_21","x":951},{"width":72,"y":301,"height":106,"name":"собака анимация для DB/署桠_1","x":646},{"width":275,"y":483,"height":122,"name":"Тень","x":171},{"width":131,"y":423,"height":53,"name":"4","x":171},{"width":77,"y":221,"height":78,"name":"Без-имени-1_0000_Слой-2","x":497},{"width":149,"y":483,"height":58,"name":"2","x":448},{"width":147,"y":301,"height":56,"name":"1","x":497},{"width":141,"y":430,"height":55,"name":"3","x":599},{"width":142,"y":487,"height":52,"name":"5","x":599},{"width":54,"y":454,"height":33,"name":"Без-имени-1_0001_Слой-1","x":957},{"width":185,"y":221,"height":260,"name":"41","x":310},{"width":139,"y":262,"height":244,"name":"31","x":755},{"width":143,"y":1,"height":259,"name":"21","x":755},{"width":167,"y":1,"height":298,"name":"Без-имени-1_0000_Кривые-1-копия","x":586},{"width":307,"y":1,"height":298,"name":"Без-имени-1_0001_Кривые-1","x":1}]}