{"width":4096,"imagePath":"Dog_tex.png","height":4096,"name":"Dog","SubTexture":[{"width":561,"y":1726,"height":896,"name":"11","x":618},{"width":164,"y":1037,"height":374,"name":"собака удар ногой1/央铋_4","x":1882},{"width":197,"y":3208,"height":138,"name":"собака удар ногой1/央铋_5","x":664},{"width":228,"y":2403,"height":129,"name":"собака удар ногой1/央铋_6","x":1645},{"width":489,"y":2542,"height":299,"name":"собака анимация для DB/央铋_25","x":1395},{"width":234,"y":2231,"height":170,"name":"собака анимация для DB/央铋_20","x":1645},{"width":366,"y":996,"height":400,"name":"собака удар ногой1/央铋_3","x":618},{"width":149,"y":2403,"height":99,"name":"собака анимация для DB/央铋_28","x":1875},{"width":175,"y":1629,"height":90,"name":"собака анимация для DB/央铋_27","x":618},{"width":97,"y":1648,"height":176,"name":"собака анимация для DB/央铋_32","x":1905},{"width":170,"y":3208,"height":185,"name":"собака анимация для DB/央铋_34","x":492},{"width":164,"y":1413,"height":233,"name":"собака анимация для DB/央铋_31","x":1882},{"width":912,"y":1,"height":728,"name":"собака анимация для DB/署桠_2","x":1027},{"width":196,"y":1920,"height":197,"name":"собака анимация для DB/央铋_29","x":1843},{"width":411,"y":731,"height":304,"name":"собака анимация для DB/央铋_26","x":1586},{"width":378,"y":1398,"height":229,"name":"живот","x":618},{"width":294,"y":1392,"height":264,"name":"собака анимация для DB/央铋_16","x":1586},{"width":196,"y":1920,"height":309,"name":"собака анимация для DB/央铋_21","x":1645},{"width":241,"y":1037,"height":353,"name":"собака анимация для DB/署桠_1","x":1586},{"width":915,"y":2624,"height":406,"name":"Тень","x":478},{"width":496,"y":2843,"height":194,"name":"2","x":1395},{"width":435,"y":3039,"height":177,"name":"4","x":967},{"width":258,"y":1658,"height":260,"name":"Без-имени-1_0000_Слой-2","x":1645},{"width":473,"y":3032,"height":174,"name":"5","x":492},{"width":469,"y":2729,"height":182,"name":"3","x":1},{"width":489,"y":3032,"height":187,"name":"1","x":1},{"width":180,"y":2119,"height":110,"name":"Без-имени-1_0001_Слой-1","x":1843},{"width":615,"y":996,"height":866,"name":"41","x":1},{"width":462,"y":1726,"height":814,"name":"31","x":1181},{"width":475,"y":1864,"height":863,"name":"21","x":1},{"width":557,"y":731,"height":993,"name":"Без-имени-1_0000_Кривые-1-копия","x":1027},{"width":1024,"y":1,"height":993,"name":"Без-имени-1_0001_Кривые-1","x":1}]}